{"playerPosition":{"x":-15.717963218688965,"y":-4.119473934173584,"z":-31.824867248535158},"playerRotation":{"x":-2.311697500090304e-10,"y":-0.7632328271865845,"z":1.1175870895385743e-8,"w":0.6461236476898193},"inv_prototypeSpheres":0,"inv_prototypeCubes":0,"inv_money":0}